,municipality,province,latitude,longitude,surface_km2,population,avg_household_income_2012,avg_woz_2014,university
0,Rozendaal,Gelderland,52.009.785,5.966.507,27.92,1500.0,56800.0,462000.0,0
1,Bloemendaal,Noord-Holland,52.404.947,4.620.185,45.18,22077.0,55600.0,549000.0,0
2,Wassenaar,Zuid-Holland,52.142.910,4.401.213,62.37,25786.0,52600.0,483000.0,0
3,Blaricum,Noord-Holland,52.272.669,5.248.080,15.56,9112.0,51600.0,536000.0,0
4,Laren,Noord-Holland,52.256.817,5.224.155,12.41,10846.0,50800.0,541000.0,0
5,Heemstede,Noord-Holland,52.351.063,4.620.300,9.64,26320.0,47600.0,370000.0,0
6,Oegstgeest,Zuid-Holland,52.186.226,4.474.810,7.97,22855.0,45500.0,320000.0,0
7,Lansingerland,Zuid-Holland,51.998.714,4.516.263,56.37,57188.0,43900.0,268000.0,0
8,Ouder-Amstel,Noord-Holland,52.285.929,4.913.383,25.78,13255.0,43200.0,294000.0,0
9,De Bilt,Utrecht,52.109.272,5.180.968,67.13,42013.0,43100.0,338000.0,0
10,Waalre,Noord-Brabant,51.387.833,5.443.202,22.66,16804.0,43000.0,302000.0,0
11,Houten,Utrecht,52.002.991,5.185.760,58.99,48427.0,42900.0,261000.0,0
12,Westvoorne,Zuid-Holland,51.887.279,4.084.461,97.48,13977.0,42800.0,303000.0,0
13,De Ronde Venen,Utrecht,52.206.680,4.886.773,116.98,42648.0,42700.0,300000.0,0
14,Midden-Delfland,Zuid-Holland,51.954.201,4.288.310,49.38,18449.0,42700.0,280000.0,0
15,Albrandswaard,Zuid-Holland,51.858.068,4.423.187,23.75,25044.0,42700.0,255000.0,0
16,Bunnik,Utrecht,52.066.528,5.200.776,37.57,14619.0,42600.0,271000.0,0
17,Voorschoten,Zuid-Holland,52.123.790,4.438.598,11.56,24941.0,42300.0,283000.0,0
18,Pijnacker-Nootdorp,Zuid-Holland,52.012.698,4.427.355,38.61,51068.0,42300.0,268000.0,0
19,Giessenlanden,Zuid-Holland,51.865.735,4.924.345,65.11,14423.0,41700.0,281000.0,0
20,Landsmeer,Noord-Holland,52.440.338,4.920.923,26.5,10457.0,41700.0,280000.0,0
21,Barendrecht,Zuid-Holland,51.851.509,4.548.581,21.73,47375.0,41600.0,244000.0,0
22,Wijdemeren,Noord-Holland,52.219.688,5.093.666,76.36,23170.0,41600.0,331000.0,0
23,Teylingen,Zuid-Holland,52.222.004,4.513.404,33.49,35723.0,41400.0,285000.0,0
24,Waterland,Noord-Holland,52.447.050,5.015.475,115.66,17154.0,41400.0,269000.0,0
25,Beemster,Noord-Holland,52.547.559,4.913.332,72.07,8919.0,41400.0,304000.0,0
26,Utrechtse Heuvelrug,Utrecht,52.052.203,5.282.495,134.09,47939.0,41400.0,305000.0,0
27,Haren,Groningen,53.171.826,6.605.243,50.73,18790.0,41300.0,261000.0,0
28,Montfoort,Utrecht,52.036.213,4.951.859,38.2,13639.0,41200.0,264000.0,0
29,Bodegraven-Reeuwijk,Zuid-Holland,52.082.326,4.746.084,88.64,32986.0,41200.0,275000.0,0
30,Leusden,Utrecht,52.131.793,5.429.469,58.89,28967.0,41000.0,267000.0,0
31,"Nuenen, Gerwen en Nederwetten",Noord-Brabant,51.478.251,5.556.858,33.94,22596.0,41000.0,298000.0,0
32,Zoeterwoude,Zuid-Holland,52.120.830,4.516.570,21.96,8089.0,40900.0,261000.0,0
33,Aalsmeer,Noord-Holland,52.262.164,4.761.922,32.29,30792.0,40900.0,276000.0,0
34,Haaren,Noord-Brabant,51.602.133,5.226.712,58.56,13578.0,40800.0,332000.0,0
35,Stichtse Vecht,Utrecht,52.144.755,5.033.208,106.82,63823.0,40800.0,270000.0,0
36,Zuidplas,Zuid-Holland,52.006.758,4.582.785,62.42,40878.0,40700.0,235000.0,0
37,Son en Breugel,Noord-Brabant,51.511.394,5.498.219,26.51,16241.0,40700.0,295000.0,0
38,Edam-Volendam,Noord-Holland,52.504.541,5.045.998,24.78,28934.0,40600.0,238000.0,0
39,Mook en Middelaar,Limburg,51.751.230,5.881.630,18.81,7783.0,40400.0,276000.0,0
40,Vught,Noord-Brabant,51.653.306,5.294.347,34.44,25626.0,40300.0,324000.0,0
41,Haarlemmerliede en Spaarnwoude,Noord-Holland,52.414.352,4.692.848,21.19,5547.0,40300.0,267000.0,0
42,Molenwaard,Zuid-Holland,51.892.130,4.798.340,126.47,29043.0,40300.0,245000.0,0
43,Sint-Michielsgestel,Noord-Brabant,51.641.348,5.352.881,59.34,28186.0,40300.0,295000.0,0
44,Heeze-Leende,Noord-Brabant,51.360.442,5.598.460,105.04,15376.0,40200.0,312000.0,0
45,Amstelveen,Noord-Holland,52.311.421,4.870.087,44.08,85135.0,40200.0,257000.0,0
46,Heiloo,Noord-Holland,52.601.234,4.700.493,19.01,22626.0,40200.0,288000.0,0
47,Castricum,Noord-Holland,52.545.259,4.672.735,60.37,34244.0,40200.0,259000.0,0
48,Eemnes,Utrecht,52.253.746,5.261.275,33.7,8773.0,40100.0,291000.0,0
49,Alphen-Chaam,Noord-Brabant,51.509.135,4.861.589,93.51,9712.0,40000.0,295000.0,0
50,Heumen,Gelderland,51.764.532,5.843.150,41.54,16342.0,40000.0,273000.0,0
51,Neerijnen,Gelderland,51.831.902,5.279.356,72.9,12022.0,39900.0,271000.0,0
52,Woerden,Utrecht,52.079.829,4.862.724,92.92,50607.0,39900.0,251000.0,0
53,Kaag en Braassem,Zuid-Holland,52.204.135,4.631.315,72.24,25758.0,39900.0,267000.0,0
54,Oirschot,Noord-Brabant,51.504.448,5.308.463,102.84,17989.0,39800.0,312000.0,0
55,Haarlemmermeer,Noord-Holland,52.300.378,4.674.359,185.29,144166.0,39700.0,248000.0,0
56,Zeist,Utrecht,52.090.601,5.233.253,48.65,61337.0,39700.0,301000.0,0
57,Oudewater,Utrecht,52.024.163,4.868.417,40.1,9868.0,39600.0,283000.0,0
58,Lopik,Utrecht,51.974.861,4.945.148,78.98,14000.0,39500.0,267000.0,0
59,Geldermalsen,Gelderland,51.884.365,5.229.359,101.73,26339.0,39500.0,278000.0,0
60,Eersel,Noord-Brabant,51.357.808,5.315.912,83.33,18201.0,39500.0,298000.0,0
61,Wijk bij Duurstede,Utrecht,51.975.600,5.338.450,50.25,23031.0,39500.0,261000.0,0
62,Buren,Gelderland,51.910.389,5.334.058,142.92,25995.0,39500.0,282000.0,0
63,Oud-Beijerland,Zuid-Holland,51.818.930,4.427.236,19.61,23727.0,39400.0,227000.0,0
64,Bunschoten,Utrecht,52.240.642,5.367.070,34.81,20547.0,39400.0,250000.0,0
65,Cromstrijen,Zuid-Holland,51.736.089,4.460.849,70.33,12748.0,39400.0,238000.0,0
66,Bergen (NH.),Noord-Holland,52.674.937,4.706.395,119.46,30075.0,39400.0,349000.0,0
67,Hilvarenbeek,Noord-Brabant,51.465.175,5.151.090,96.49,15082.0,39400.0,294000.0,0
68,IJsselstein,Utrecht,52.017.765,5.040.300,21.68,34268.0,39300.0,234000.0,0
69,Binnenmaas,Zuid-Holland,51.796.188,4.548.157,75.57,28682.0,39300.0,231000.0,0
70,Oostzaan,Noord-Holland,52.440.497,4.875.722,16.08,9154.0,39300.0,265000.0,0
71,Zeewolde,Flevoland,52.331.128,5.540.495,268.86,21543.0,39200.0,235000.0,0
72,Renswoude,Utrecht,52.074.661,5.538.173,18.51,4928.0,39200.0,281000.0,0
73,Zederik,Zuid-Holland,51.925.558,5.013.633,76.5,13661.0,39200.0,256000.0,0
74,Aalburg,Noord-Brabant,51.751.294,5.057.085,53.17,12859.0,39100.0,249000.0,0
75,Hendrik-Ido-Ambacht,Zuid-Holland,51.842.397,4.639.506,11.9,28952.0,39100.0,215000.0,0
76,Uitgeest,Noord-Holland,52.531.225,4.712.046,22.29,13242.0,39100.0,238000.0,0
77,Leiderdorp,Zuid-Holland,52.150.985,4.528.173,12.28,26788.0,39100.0,239000.0,0
78,Best,Noord-Brabant,51.507.764,5.397.848,35.1,28594.0,39100.0,262000.0,0
79,Lingewaal,Gelderland,51.838.089,5.076.384,54.49,11059.0,39000.0,267000.0,0
80,Korendijk,Zuid-Holland,51.810.961,4.342.386,100.47,10693.0,39000.0,236000.0,0
81,Sint Anthonis,Noord-Brabant,51.627.161,5.885.193,99.76,11696.0,38900.0,263000.0,0
82,Huizen,Noord-Holland,52.299.465,5.243.393,23.32,41239.0,38900.0,268000.0,0
83,Woudenberg,Utrecht,52.082.175,5.426.595,36.82,12386.0,38800.0,281000.0,0
84,Nieuwkoop,Zuid-Holland,52.150.056,4.777.359,91.16,27114.0,38800.0,271000.0,0
85,Soest,Utrecht,52.176.352,5.299.197,46.43,45430.0,38700.0,273000.0,0
86,Baarn,Utrecht,52.213.182,5.286.410,33.01,24344.0,38600.0,290000.0,0
87,Landerd,Noord-Brabant,51.726.775,5.659.492,70.71,15262.0,38500.0,267000.0,0
88,Lochem,Gelderland,52.158.665,6.409.816,215.94,33268.0,38500.0,282000.0,0
89,Bernheze,Noord-Brabant,51.660.272,5.501.401,90.41,29703.0,38500.0,278000.0,0
90,Wierden,Overijssel,52.358.260,6.593.873,95.39,23906.0,38400.0,235000.0,0
91,Dinkelland,Overijssel,52.407.617,6.897.260,176.82,25937.0,38300.0,248000.0,0
92,Langedijk,Noord-Holland,52.686.711,4.783.899,27.03,26984.0,38300.0,257000.0,0
93,Werkendam,Noord-Brabant,51.808.165,4.891.848,121.76,26400.0,38300.0,238000.0,0
94,Noordwijk,Zuid-Holland,52.239.989,4.450.009,51.45,25689.0,38300.0,328000.0,0
95,Woudrichem,Noord-Brabant,51.817.007,5.003.751,51.7,14407.0,38200.0,251000.0,0
96,Oisterwijk,Noord-Brabant,51.565.424,5.203.028,65.13,25835.0,38200.0,317000.0,0
97,Renkum,Gelderland,51.982.983,5.739.978,47.23,31577.0,38200.0,253000.0,0
98,Eijsden-Margraten,Limburg,50.819.960,5.821.457,78.32,24980.0,38200.0,237000.0,0
99,Brielle,Zuid-Holland,51.902.582,4.163.685,31.14,16306.0,38100.0,225000.0,0
100,Goirle,Noord-Brabant,51.523.677,5.064.195,42.34,23060.0,38100.0,251000.0,0
101,Barneveld,Gelderland,52.162.147,5.655.360,176.69,54176.0,38000.0,279000.0,0
102,Drimmelen,Noord-Brabant,51.708.552,4.803.490,119.43,26705.0,38000.0,234000.0,0
103,Zaltbommel,Gelderland,51.813.554,5.250.773,89.04,27207.0,38000.0,233000.0,0
104,Uithoorn,Noord-Holland,52.244.627,4.831.734,19.42,28407.0,38000.0,224000.0,0
105,Putten,Gelderland,52.245.301,5.568.482,87.41,24044.0,37900.0,292000.0,0
106,Urk,Flevoland,52.663.053,5.598.947,109.91,19487.0,37900.0,194000.0,0
107,Reusel-De Mierden,Noord-Brabant,51.370.650,5.146.555,78.64,12728.0,37900.0,270000.0,0
108,Kapelle,Zeeland,51.484.755,3.959.631,49.63,12508.0,37800.0,220000.0,0
109,Staphorst,Overijssel,52.642.914,6.199.494,135.69,16365.0,37800.0,248000.0,0
110,Tynaarlo,Drenthe,53.101.283,6.576.097,147.7,32506.0,37800.0,236000.0,0
111,Nijkerk,Gelderland,52.222.484,5.483.563,72.1,40600.0,37800.0,263000.0,0
112,Krimpen aan den IJssel,Zuid-Holland,51.914.353,4.596.233,8.95,28814.0,37700.0,218000.0,0
113,Bergeijk,Noord-Brabant,51.319.716,5.357.500,101.73,18250.0,37700.0,291000.0,0
114,Waddinxveen,Zuid-Holland,52.031.297,4.659.132,29.4,25520.0,37700.0,207000.0,0
115,Hattem,Gelderland,52.473.931,6.068.176,24.16,11742.0,37700.0,253000.0,0
116,Tubbergen,Overijssel,52.408.907,6.785.489,147.44,21216.0,37700.0,240000.0,0
117,Maasdriel,Gelderland,51.768.907,5.323.304,75.46,24197.0,37600.0,266000.0,0
118,Drechterland,Noord-Holland,52.653.307,5.183.589,80.74,19257.0,37600.0,231000.0,0
119,Wormerland,Noord-Holland,52.507.275,4.852.800,45.18,15751.0,37500.0,217000.0,0
120,Hardinxveld-Giessendam,Zuid-Holland,51.832.430,4.833.641,19.35,17736.0,37500.0,225000.0,0
121,Vianen,Utrecht,51.990.276,5.103.033,42.39,19573.0,37400.0,219000.0,0
122,Beuningen,Gelderland,51.859.724,5.769.107,47.09,25254.0,37400.0,231000.0,0
123,Strijen,Zuid-Holland,51.744.684,4.553.920,57.7,8678.0,37400.0,222000.0,0
124,Overbetuwe,Gelderland,51.932.775,5.781.465,115.08,46653.0,37300.0,235000.0,0
125,Veldhoven,Noord-Brabant,51.417.634,5.406.021,31.93,44136.0,37300.0,254000.0,0
126,Voorst,Gelderland,52.225.271,6.099.050,126.47,23801.0,37300.0,261000.0,0
127,Neder-Betuwe,Gelderland,51.930.937,5.574.103,68.16,22591.0,37300.0,220000.0,0
128,Boekel,Noord-Brabant,51.602.879,5.674.316,34.52,10089.0,37300.0,260000.0,0
129,Koggenland,Noord-Holland,52.652.196,4.942.015,84.13,22473.0,37200.0,232000.0,0
130,Bladel,Noord-Brabant,51.362.963,5.213.639,75.62,19825.0,37200.0,272000.0,0
131,Heusden,Noord-Brabant,51.733.004,5.138.279,81.22,43180.0,37200.0,266000.0,0
132,Scherpenzeel,Gelderland,52.078.930,5.488.065,13.81,9496.0,37100.0,265000.0,0
133,Westland,Zuid-Holland,51.999.176,4.217.457,90.58,103335.0,37100.0,241000.0,0
134,Boxmeer,Noord-Brabant,51.645.269,5.956.666,113.84,28135.0,37100.0,251000.0,0
135,Rhenen,Utrecht,51.962.140,5.571.116,43.76,19123.0,37100.0,255000.0,0
136,Leidschendam-Voorburg,Zuid-Holland,52.087.731,4.399.385,35.62,73392.0,37100.0,232000.0,0
137,Dalfsen,Overijssel,52.507.755,6.259.667,166.52,27655.0,37000.0,255000.0,0
138,Amersfoort,Utrecht,52.156.111,5.387.827,63.86,150943.0,36900.0,222000.0,0
139,Alphen aan den Rijn,Zuid-Holland,52.111.222,4.647.251,132.49,106809.0,36900.0,220000.0,0
140,Voerendaal,Limburg,50.879.153,5.931.160,31.52,12447.0,36800.0,206000.0,0
141,Opmeer,Noord-Holland,52.705.379,4.942.667,41.94,11374.0,36700.0,233000.0,0
142,Horst aan de Maas,Limburg,51.423.226,6.030.317,191.92,41718.0,36600.0,237000.0,0
143,Noordwijkerhout,Zuid-Holland,52.260.194,4.495.584,23.42,15982.0,36600.0,266000.0,0
144,Loon op Zand,Noord-Brabant,51.627.014,5.072.009,50.71,23104.0,36600.0,242000.0,0
145,Nunspeet,Gelderland,52.374.772,5.769.895,129.53,26707.0,36600.0,261000.0,0
146,Lisse,Zuid-Holland,52.257.930,4.557.483,16.05,22376.0,36600.0,251000.0,0
147,Cranendonck,Noord-Brabant,51.286.922,5.596.695,78.05,20388.0,36600.0,241000.0,0
148,Veere,Zeeland,51.548.294,3.666.006,206.63,21882.0,36600.0,261000.0,0
149,Moerdijk,Noord-Brabant,51.660.156,4.513.072,184.03,36775.0,36600.0,215000.0,0
150,Goeree-Overflakkee,Zuid-Holland,51.759.197,4.116.981,422.34,48233.0,36500.0,220000.0,0
151,Papendrecht,Zuid-Holland,51.842.481,4.694.183,10.79,32140.0,36500.0,190000.0,0
152,Hellevoetsluis,Zuid-Holland,51.831.863,4.131.810,46.27,38918.0,36500.0,195000.0,0
153,Leudal,Limburg,51.261.966,5.890.997,164.89,36213.0,36500.0,213000.0,0
154,Katwijk,Zuid-Holland,52.198.020,4.419.943,31.13,62825.0,36500.0,249000.0,0
155,Ede,Gelderland,52.040.168,5.664.859,318.62,110657.0,36400.0,233000.0,0
156,West Maas en Waal,Gelderland,51.861.341,5.501.737,85.21,18391.0,36400.0,245000.0,0
157,Hilversum,Noord-Holland,52.229.170,5.166.897,46.35,86574.0,36400.0,253000.0,0
158,De Wolden,Drenthe,52.681.979,6.366.039,226.35,23592.0,36300.0,252000.0,0
159,Borne,Overijssel,52.300.237,6.753.726,26.16,21901.0,36300.0,207000.0,0
160,Culemborg,Gelderland,51.956.108,5.240.045,31.14,27579.0,36300.0,220000.0,0
161,Ermelo,Gelderland,52.298.665,5.629.619,87.33,26080.0,36300.0,262000.0,0
162,Mill en Sint Hubert,Noord-Brabant,51.679.806,5.755.381,53.17,10843.0,36300.0,256000.0,0
163,Hof van Twente,Overijssel,52.241.427,6.591.555,215.41,34987.0,36300.0,229000.0,0
164,Borsele,Zeeland,51.447.691,3.803.318,194.52,22592.0,36200.0,209000.0,0
165,Bronckhorst,Gelderland,52.075.595,6.180.892,286.42,36941.0,36200.0,257000.0,0
166,Druten,Gelderland,51.894.084,5.594.272,42.46,18206.0,36200.0,230000.0,0
167,Duiven,Gelderland,51.947.458,6.017.950,35.19,25580.0,36200.0,210000.0,0
168,Halderberge,Noord-Brabant,51.586.263,4.513.956,75.21,29379.0,36200.0,232000.0,0
169,Heerde,Gelderland,52.390.918,6.049.638,80.42,18515.0,36200.0,254000.0,0
170,Rijssen-Holten,Overijssel,52.292.506,6.439.999,94.38,37696.0,36200.0,220000.0,0
171,Peel en Maas,Limburg,51.339.919,6.012.298,161.35,43298.0,36200.0,229000.0,0
172,Nederweert,Limburg,51.286.563,5.752.701,101.78,16773.0,36100.0,237000.0,0
173,Laarbeek,Noord-Brabant,51.538.447,5.621.273,56.17,21815.0,36100.0,253000.0,0
174,Raalte,Overijssel,52.380.903,6.278.318,172.29,36526.0,36000.0,238000.0,0
175,Lingewaard,Gelderland,51.903.891,5.935.221,69.14,45814.0,36000.0,231000.0,0
176,Deurne,Noord-Brabant,51.464.220,5.795.068,118.36,31669.0,36000.0,254000.0,0
177,Zoetermeer,Zuid-Holland,52.060.669,4.494.025,37.05,123614.0,36000.0,188000.0,0
178,Hillegom,Zuid-Holland,52.295.626,4.579.176,13.48,20987.0,36000.0,227000.0,0
179,Dongen,Noord-Brabant,51.628.710,4.938.239,29.72,25389.0,35900.0,226000.0,0
180,Schinnen,Limburg,50.943.647,5.879.361,24.12,12961.0,35900.0,193000.0,0
181,Nuth,Limburg,50.911.427,5.892.596,33.13,15577.0,35900.0,198000.0,0
182,Wijchen,Gelderland,51.813.674,5.752.895,69.56,41010.0,35800.0,227000.0,0
183,Zundert,Noord-Brabant,51.470.701,4.662.356,121.17,21374.0,35800.0,289000.0,0
184,Asten,Noord-Brabant,51.402.994,5.744.078,71.34,16479.0,35800.0,275000.0,0
185,Oosterhout,Noord-Brabant,51.641.020,4.861.690,73.09,53733.0,35800.0,225000.0,0
186,Boxtel,Noord-Brabant,51.601.437,5.312.177,64.85,30325.0,35800.0,244000.0,0
187,Gilze en Rijen,Noord-Brabant,51.559.855,4.909.254,65.66,26013.0,35700.0,233000.0,0
188,Someren,Noord-Brabant,51.384.967,5.712.367,81.5,18700.0,35700.0,265000.0,0
189,Woensdrecht,Noord-Brabant,51.429.248,4.304.708,91.91,21654.0,35700.0,224000.0,0
190,Schagen,Noord-Holland,52.788.091,4.804.400,187.28,46016.0,35700.0,222000.0,0
191,Geertruidenberg,Noord-Brabant,51.702.366,4.849.978,29.64,21597.0,35600.0,204000.0,0
192,Haaksbergen,Overijssel,52.160.665,6.738.100,105.5,24357.0,35600.0,215000.0,0
193,Etten-Leur,Noord-Brabant,51.586.886,4.667.138,55.92,42351.0,35600.0,224000.0,0
194,Brummen,Gelderland,52.090.167,6.158.015,85.01,21169.0,35600.0,240000.0,0
195,Medemblik,Noord-Holland,52.767.447,5.106.918,257.56,43331.0,35600.0,219000.0,0
196,Meerssen,Limburg,50.884.943,5.752.637,27.64,19259.0,35600.0,226000.0,0
197,Epe,Gelderland,52.345.017,5.983.654,157.37,32352.0,35600.0,266000.0,0
198,Zwartewaterland,Overijssel,52.601.512,6.059.625,87.86,22148.0,35600.0,197000.0,0
199,Heemskerk,Noord-Holland,52.514.146,4.682.137,31.67,39092.0,35600.0,212000.0,0
200,Steenbergen,Noord-Brabant,51.581.240,4.315.599,159.14,23409.0,35500.0,202000.0,0
201,Weesp,Noord-Holland,52.308.051,5.040.622,21.83,18231.0,35500.0,222000.0,0
202,Olst-Wijhe,Overijssel,52.351.896,6.127.076,118.37,17760.0,35500.0,227000.0,0
203,Oldebroek,Gelderland,52.447.445,5.898.317,98.84,22824.0,35500.0,235000.0,0
204,Aa en Hunze,Drenthe,53.010.485,6.749.528,278.9,25243.0,35500.0,225000.0,0
205,Alblasserdam,Zuid-Holland,51.870.337,4.670.202,10.06,19822.0,35500.0,195000.0,0
206,Gemert-Bakel,Noord-Brabant,51.555.289,5.690.366,123.34,29354.0,35500.0,244000.0,0
207,Geldrop-Mierlo,Noord-Brabant,51.432.447,5.582.970,31.39,38854.0,35400.0,233000.0,0
208,Baarle-Nassau,Noord-Brabant,51.445.137,4.929.523,76.21,6617.0,35400.0,250000.0,0
209,Rucphen,Noord-Brabant,51.533.567,4.560.320,64.47,22213.0,35300.0,245000.0,0
210,Heerhugowaard,Noord-Holland,52.662.677,4.832.477,39.99,53246.0,35300.0,203000.0,0
211,Grave,Noord-Brabant,51.759.005,5.738.560,28.03,12696.0,35300.0,215000.0,0
212,Schouwen-Duiveland,Zeeland,51.680.357,3.952.013,488.21,33821.0,35300.0,229000.0,0
213,Velsen,Noord-Holland,52.452.059,4.630.587,63.05,67231.0,35300.0,222000.0,0
214,Beek,Limburg,50.939.316,5.795.647,21.03,16268.0,35300.0,184000.0,0
215,Elburg,Gelderland,52.449.263,5.834.519,65.91,22658.0,35200.0,240000.0,0
216,Gulpen-Wittem,Limburg,50.800.934,5.897.288,73.35,14492.0,35200.0,204000.0,0
217,Nieuwegein,Utrecht,52.024.821,5.091.819,25.65,61017.0,35200.0,206000.0,0
218,Breda,Noord-Brabant,51.571.915,4.768.323,128.68,179999.0,35200.0,221000.0,0
219,Diemen,Noord-Holland,52.338.993,4.959.189,14.04,25980.0,35200.0,202000.0,0
220,Uden,Noord-Brabant,51.663.107,5.623.923,67.53,40934.0,35100.0,226000.0,0
221,Oost Gelre,Gelderland,51.990.117,6.567.068,110.12,29648.0,35100.0,198000.0,0
222,Venray,Limburg,51.525.626,5.973.699,165.0,43120.0,35100.0,213000.0,0
223,Maasgouw,Limburg,51.167.805,5.884.140,57.99,23888.0,35100.0,202000.0,0
224,Zuidhorn,Groningen,53.243.148,6.408.104,128.37,18767.0,35100.0,185000.0,0
225,Gouda,Zuid-Holland,52.011.521,4.710.463,18.11,70923.0,35000.0,182000.0,0
226,Roerdalen,Limburg,51.139.166,6.034.269,88.7,20808.0,35000.0,198000.0,0
227,Ommen,Overijssel,52.506.652,6.435.289,182.01,17370.0,35000.0,242000.0,0
228,Reimerswaal,Zeeland,51.410.002,4.154.448,242.42,21915.0,34900.0,188000.0,0
229,Almere,Flevoland,52.350.785,5.264.702,248.77,196156.0,34900.0,182000.0,0
230,Oss,Noord-Brabant,51.761.180,5.514.048,159.87,85039.0,34900.0,213000.0,0
231,'s-Hertogenbosch,Noord-Brabant,51.711.742,5.301.631,91.79,143745.0,34900.0,221000.0,0
232,Westerveld,Drenthe,52.857.708,6.296.010,282.74,18902.0,34900.0,253000.0,0
233,Hollands Kroon,Noord-Holland,52.811.859,5.001.190,662.2,47501.0,34900.0,206000.0,0
234,Dronten,Flevoland,52.534.682,5.721.809,423.89,40451.0,34800.0,195000.0,0
235,Stede Broec,Noord-Holland,52.699.602,5.232.325,16.37,21474.0,34800.0,181000.0,0
236,Harderwijk,Gelderland,52.342.202,5.636.742,48.27,45741.0,34800.0,215000.0,0
237,Apeldoorn,Gelderland,52.211.157,5.969.923,341.15,157535.0,34800.0,208000.0,0
238,Veenendaal,Utrecht,52.026.301,5.554.431,19.72,63207.0,34800.0,210000.0,0
239,Noordenveld,Drenthe,53.095.093,6.445.541,205.32,31110.0,34800.0,215000.0,0
240,Hellendoorn,Overijssel,52.376.905,6.459.724,138.99,35697.0,34700.0,224000.0,0
241,Berkelland,Gelderland,52.115.157,6.561.501,260.53,44650.0,34700.0,205000.0,0
242,Capelle aan den IJssel,Zuid-Holland,51.938.073,4.591.778,15.4,66177.0,34700.0,176000.0,0
243,Ridderkerk,Zuid-Holland,51.870.253,4.602.234,25.26,45207.0,34700.0,194000.0,0
244,Ten Boer,Groningen,53.275.888,6.692.600,45.73,7465.0,34600.0,174000.0,0
245,Leerdam,Zuid-Holland,51.894.313,5.096.927,34.42,20586.0,34600.0,211000.0,0
246,Sliedrecht,Zuid-Holland,51.824.868,4.773.162,14.01,24528.0,34600.0,173000.0,0
247,Midden-Drenthe,Drenthe,52.861.104,6.512.304,345.87,33368.0,34600.0,202000.0,0
248,Valkenswaard,Noord-Brabant,51.355.496,5.453.327,56.49,30353.0,34500.0,244000.0,0
249,Gennep,Limburg,51.697.854,5.972.675,50.42,17285.0,34500.0,215000.0,0
250,Purmerend,Noord-Holland,52.514.381,4.964.061,24.56,79552.0,34400.0,189000.0,0
251,Zwijndrecht,Zuid-Holland,51.810.598,4.627.272,22.77,44546.0,34400.0,169000.0,0
252,Waalwijk,Noord-Brabant,51.687.895,5.057.482,67.65,46515.0,34400.0,218000.0,0
253,Weert,Limburg,51.243.941,5.714.222,105.52,48727.0,34400.0,211000.0,0
254,Utrecht,Utrecht,52.090.737,5.121.420,99.21,328577.0,34300.0,223000.0,1
255,Hulst,Zeeland,51.280.691,4.054.887,251.82,27402.0,34300.0,182000.0,0
256,Haarlem,Noord-Holland,52.387.388,4.646.219,32.09,155205.0,34300.0,229000.0,0
257,Marum,Groningen,53.146.252,6.267.326,64.89,10350.0,34200.0,215000.0,0
258,Maassluis,Zuid-Holland,51.922.607,4.254.566,10.12,32097.0,34200.0,187000.0,0
259,Stein,Limburg,50.967.974,5.766.220,22.62,25348.0,34200.0,180000.0,0
260,Cuijk,Noord-Brabant,51.728.927,5.879.209,57.07,24780.0,34200.0,212000.0,0
261,Montferland,Gelderland,51.919.617,6.246.311,106.63,34985.0,34100.0,208000.0,0
262,Echt-Susteren,Limburg,51.093.224,5.907.364,104.53,31940.0,34100.0,192000.0,0
263,Tholen,Zeeland,51.533.271,4.216.222,254.0,25398.0,34100.0,185000.0,0
264,Losser,Overijssel,52.262.852,7.005.785,99.61,22619.0,34100.0,206000.0,0
265,Bergen (L.),Limburg,51.599.866,6.032.998,108.48,13230.0,34000.0,208000.0,0
266,Oldenzaal,Overijssel,52.311.655,6.926.828,21.95,32152.0,34000.0,201000.0,0
267,Valkenburg aan de Geul,Limburg,50.868.477,5.826.448,36.92,16668.0,34000.0,202000.0,0
268,Hardenberg,Overijssel,52.575.408,6.616.695,317.14,59592.0,34000.0,197000.0,0
269,Gorinchem,Zuid-Holland,51.837.225,4.975.829,21.93,35252.0,34000.0,194000.0,0
270,Leiden,Zuid-Holland,52.160.114,4.497.010,23.27,121199.0,34000.0,210000.0,1
271,Bedum,Groningen,53.301.675,6.599.829,44.96,10475.0,33900.0,176000.0,0
272,Roosendaal,Noord-Brabant,51.535.849,4.465.321,107.16,76930.0,33900.0,204000.0,0
273,Tytsjerksteradiel,Friesland,53.176.038,5.978.680,161.41,31980.0,33800.0,192000.0,0
274,Hoorn,Noord-Holland,52.642.365,5.060.212,53.25,71741.0,33800.0,186000.0,0
275,Opsterland,Friesland,53.039.542,6.115.320,227.64,29894.0,33800.0,191000.0,0
276,Twenterand,Overijssel,52.450.068,6.620.745,108.14,33939.0,33700.0,203000.0,0
277,Zandvoort,Noord-Holland,52.371.149,4.533.355,43.97,16588.0,33700.0,255000.0,0
278,Wageningen,Gelderland,51.969.187,5.665.395,32.36,37511.0,33700.0,244000.0,1
279,Westervoort,Gelderland,51.963.807,5.968.984,7.84,15147.0,33700.0,182000.0,0
280,Tiel,Gelderland,51.887.618,5.427.877,34.81,41729.0,33600.0,195000.0,0
281,Beesel,Limburg,51.269.698,6.046.834,29.15,13593.0,33600.0,186000.0,0
282,Bergen op Zoom,Noord-Brabant,51.494.576,4.287.162,93.13,66423.0,33600.0,195000.0,0
283,Zwolle,Overijssel,52.516.775,6.083.022,119.36,123211.0,33600.0,200000.0,0
284,Goes,Zeeland,51.504.646,3.891.130,101.92,36977.0,33600.0,198000.0,0
285,Rheden,Gelderland,52.005.737,6.027.959,84.35,43563.0,33600.0,204000.0,0
286,Zevenaar,Gelderland,51.929.445,6.076.959,58.0,32254.0,33400.0,186000.0,0
287,Winsum,Groningen,53.330.810,6.522.254,102.53,13843.0,33300.0,167000.0,0
288,Zaanstad,Noord-Holland,52.457.966,4.751.043,83.24,150911.0,33300.0,177000.0,0
289,Simpelveld,Limburg,50.832.849,5.987.771,16.02,10844.0,33300.0,161000.0,0
290,Terschelling,Friesland,53.397.875,5.346.679,673.99,4769.0,33300.0,298000.0,0
291,Aalten,Gelderland,51.926.667,6.580.678,96.57,27030.0,33300.0,194000.0,0
292,Doetinchem,Gelderland,51.964.699,6.293.774,79.66,56350.0,33200.0,194000.0,0
293,Kampen,Overijssel,52.557.964,5.914.462,161.79,51069.0,33200.0,197000.0,0
294,Coevorden,Drenthe,52.661.357,6.741.062,299.69,35771.0,33200.0,191000.0,0
295,Sluis,Zeeland,51.308.656,3.387.919,307.16,23795.0,33200.0,181000.0,0
296,Borger-Odoorn,Drenthe,52.889.372,6.888.404,277.89,25633.0,33100.0,180000.0,0
297,Rijswijk,Zuid-Holland,52.037.698,4.321.974,14.49,47680.0,33100.0,183000.0,0
298,Terneuzen,Zeeland,51.332.285,3.832.426,317.76,54711.0,33000.0,157000.0,0
299,Middelburg,Zeeland,51.498.796,3.610.998,53.04,47660.0,33000.0,177000.0,0
300,Onderbanken,Limburg,50.969.852,5.965.396,21.24,7882.0,32900.0,168000.0,0
301,Helmond,Noord-Brabant,51.479.255,5.657.010,54.75,89346.0,32900.0,206000.0,0
302,Noord-Beveland,Zeeland,51.570.283,3.771.484,121.51,7508.0,32900.0,199000.0,0
303,Noordoostpolder,Flevoland,52.692.622,5.737.842,595.43,46372.0,32900.0,176000.0,0
304,Leek,Groningen,53.161.611,6.390.616,64.28,19607.0,32800.0,183000.0,0
305,Steenwijkerland,Overijssel,52.741.538,6.049.324,321.59,43372.0,32800.0,196000.0,0
306,Deventer,Overijssel,52.266.075,6.155.217,134.33,98327.0,32800.0,191000.0,0
307,Enkhuizen,Noord-Holland,52.707.566,5.274.120,116.25,18395.0,32700.0,180000.0,0
308,Meppel,Drenthe,52.692.123,6.193.719,57.03,32875.0,32700.0,190000.0,0
309,Dordrecht,Zuid-Holland,51.813.298,4.690.093,99.47,118716.0,32600.0,159000.0,0
310,Heerenveen,Friesland,52.960.561,5.920.522,187.76,49388.0,32600.0,183000.0,0
311,Lelystad,Flevoland,52.518.537,5.471.422,765.45,76170.0,32500.0,165000.0,0
312,Grootegast,Groningen,53.211.132,6.274.589,87.74,12193.0,32500.0,192000.0,0
313,Beverwijk,Noord-Holland,52.486.984,4.657.447,20.09,40052.0,32500.0,178000.0,0
314,Súdwest-Fryslân,Friesland,53.023.416,5.481.658,841.56,84258.0,32500.0,175000.0,0
315,Oude IJsselstreek,Gelderland,51.911.046,6.405.564,137.94,39614.0,32500.0,198000.0,0
316,Texel,Noord-Holland,53.054.763,4.797.715,463.16,13566.0,32400.0,258000.0,0
317,Loppersum,Groningen,53.332.175,6.747.987,111.99,10181.0,32400.0,153000.0,0
318,Alkmaar,Noord-Holland,52.632.842,4.755.037,31.2,94906.0,32300.0,181000.0,0
319,Assen,Drenthe,52.992.753,6.564.228,83.45,67209.0,32200.0,162000.0,0
320,Hengelo,Overijssel,52.257.412,6.792.772,61.83,80975.0,32200.0,168000.0,0
321,Zutphen,Gelderland,52.142.736,6.196.058,42.93,47154.0,32100.0,185000.0,0
322,Delft,Zuid-Holland,52.011.577,4.357.068,24.06,101493.0,32100.0,181000.0,1
323,Doesburg,Gelderland,52.014.288,6.139.782,12.96,11449.0,32100.0,190000.0,0
324,Winterswijk,Gelderland,51.971.314,6.720.509,138.81,28873.0,32000.0,180000.0,0
325,Eindhoven,Noord-Brabant,51.441.642,5.469.722,88.87,220782.0,32000.0,209000.0,1
326,Weststellingwerf,Friesland,52.871.892,6.022.919,228.45,25487.0,32000.0,182000.0,0
327,'s-Gravenhage,Zuid-Holland,52.070.498,4.300.700,98.12,508592.0,31800.0,188000.0,0
328,Sittard-Geleen,Limburg,51.003.168,5.823.671,80.53,93806.0,31800.0,157000.0,0
329,Ferwerderadiel,Friesland,53.337.834,5.823.835,133.18,8771.0,31800.0,148000.0,0
330,Vlaardingen,Zuid-Holland,51.912.067,4.349.437,26.69,71059.0,31700.0,164000.0,0
331,Tilburg,Noord-Brabant,51.560.596,5.091.914,119.18,210382.0,31600.0,187000.0,1
332,Dantumadiel,Friesland,53.272.981,5.985.930,87.53,19035.0,31500.0,168000.0,0
333,Roermond,Limburg,51.191.320,5.987.772,71.1,57030.0,31500.0,174000.0,0
334,Landgraaf,Limburg,50.892.765,6.022.408,24.66,37530.0,31400.0,150000.0,0
335,Ooststellingwerf,Friesland,52.988.319,6.270.427,226.11,25672.0,31400.0,180000.0,0
336,Amsterdam,Noord-Holland,52.370.216,4.895.168,219.3,853312.0,31400.0,231000.0,2
337,Hoogeveen,Drenthe,52.728.616,6.490.100,129.25,54680.0,31200.0,164000.0,0
338,Venlo,Limburg,51.370.375,6.172.403,128.99,100381.0,31200.0,177000.0,0
339,Smallingerland,Friesland,53.127.729,6.079.345,126.17,55496.0,31100.0,168000.0,0
340,Kollumerland en Nieuwkruisland,Friesland,53.305.888,6.189.109,116.35,12856.0,31100.0,167000.0,0
341,Ameland,Friesland,53.440.564,5.658.766,268.5,3565.0,31100.0,201000.0,0
342,Almelo,Overijssel,52.367.027,6.668.492,69.4,72435.0,31000.0,156000.0,0
343,Schiedam,Zuid-Holland,51.916.960,4.398.819,19.86,76487.0,31000.0,142000.0,0
344,Nijmegen,Gelderland,51.812.563,5.837.226,57.6,168499.0,30900.0,191000.0,1
345,Emmen,Drenthe,52.713.237,6.955.777,346.25,108003.0,30700.0,156000.0,0
346,Eemsmond,Groningen,53.400.344,6.648.410,543.35,15910.0,30700.0,154000.0,0
347,Delfzijl,Groningen,53.331.027,6.924.460,227.5,25686.0,30600.0,132000.0,0
348,Vlieland,Friesland,53.250.184,4.951.427,315.8,1097.0,30600.0,243000.0,0
349,Arnhem,Gelderland,51.985.103,5.898.730,101.54,150817.0,30500.0,175000.0,0
350,De Marne,Groningen,53.360.934,6.380.521,240.33,10205.0,30500.0,145000.0,0
351,Veendam,Groningen,53.106.278,6.875.100,78.68,27795.0,30500.0,142000.0,0
352,Achtkarspelen,Friesland,53.210.357,6.153.565,103.98,28002.0,30500.0,165000.0,0
353,Maastricht,Limburg,50.851.368,5.690.973,60.03,122331.0,30400.0,178000.0,1
354,Dongeradeel,Friesland,53.324.884,5.996.639,266.92,24183.0,30400.0,149000.0,0
355,Den Helder,Noord-Holland,52.956.281,4.760.797,178.8,56553.0,30400.0,147000.0,0
356,Vlissingen,Zeeland,51.453.667,3.570.912,344.83,44450.0,30200.0,153000.0,0
357,Harlingen,Friesland,53.174.638,5.425.152,387.67,15810.0,30100.0,153000.0,0
358,Schiermonnikoog,Friesland,53.489.374,6.230.911,199.07,938.0,30000.0,250000.0,0
359,Appingedam,Groningen,53.320.678,6.854.422,24.58,12049.0,29800.0,142000.0,0
360,Enschede,Overijssel,52.221.537,6.893.662,142.72,158542.0,29600.0,155000.0,1
361,Rotterdam,Zuid-Holland,51.924.420,4.477.733,325.79,618467.0,29600.0,148000.0,1
362,Brunssum,Limburg,50.948.896,5.972.166,17.34,28914.0,29400.0,133000.0,0
363,Oldambt,Groningen,53.203.691,7.052.970,295.96,38558.0,29300.0,133000.0,0
364,Stadskanaal,Groningen,52.991.985,6.946.222,119.94,32793.0,29200.0,146000.0,0
365,Vaals,Limburg,50.773.218,6.011.274,23.87,9682.0,29100.0,143000.0,0
366,Leeuwarden,Friesland,53.201.233,5.799.913,166.99,108113.0,28700.0,135000.0,0
367,Groningen,Groningen,53.219.383,6.566.502,83.75,198108.0,28500.0,157000.0,1
368,Kerkrade,Limburg,50.865.946,6.070.549,22.13,46773.0,28500.0,130000.0,0
369,Pekela,Groningen,53.085.241,6.977.881,50.2,12733.0,28400.0,132000.0,0
370,Heerlen,Limburg,50.888.174,5.979.499,45.53,88202.0,28200.0,123000.0,0
371,Berg en Dal,Gelderland,51.818.121,5.920.082,44.14,18956.0,,,0
372,De Fryske Marren,Friesland,52.948.003,5.791.388,559.93,51223.0,,,0
373,Gooise Meren,Noord-Holland,52.304.762,5.139.699,73.5,56687.0,,,0
374,Krimpenerwaard,Zuid-Holland,51.982.222,4.781.667,161.3,54287.0,,,0
375,Meierijstad,Noord-Brabant,51.613.704,5.548.213,185.52,,,,0
376,Midden-Groningen,Groningen,53.214.825,6.503.424,,,,,0
377,Nissewaard,Zuid-Holland,51.848.034,4.328.748,98.74,85083.0,,,0
378,Waadhoeke,Friesland,53.184.738,5.531.866,,,,,0
379,Westerwolde,Groningen,53.027.025,7.110.788,280.63,,,,0
